{
 "joint2 (L)": {
  "n": 804,
  "offset": -0.059999999999999776,
  "k": 0.947933494078542,
  "fric": 0.5311040851152931,
  "c": -0.6966674621918508,
  "rms": 0.31933207453829066
 },
 "joint3 (aire)": {
  "n": 897,
  "offset": 0.020000000000000295,
  "k": 0.9523660481165434,
  "fric": 0.4906574777766995,
  "c": 0.11765696059565663,
  "rms": 0.26538135288709086
 },
 "joint4 (clear)": {
  "n": 661,
  "offset": 0.2600000000000005,
  "k": 0.8854568601744145,
  "fric": 0.2996596325258485,
  "c": 0.4899500293931461,
  "rms": 0.15973444324377442
 },
 "joint5 (clear)": {
  "n": 661,
  "offset": -0.3,
  "k": -0.8048480389075889,
  "fric": 0.20846447407074595,
  "c": 0.008305520775921768,
  "rms": 0.06893555990095837
 }
}